mode,id,participant,item,act,rt
l1,7056020,2,kick love,0.913260817527771,10.0
l1,5088743,8,kick love,0.9125504493713379,10.0
l1,7056020,2,show love,0.9129315614700317,10.0
